Category,Title,Total Price,Quantity,Unit Price,Date,Recommendation
Luxury Electronics,Sonos Ace - Black - Wireless Over Ear Headphones with Noise Cancellation,$2094.00,6,$349.00,11/21/2024,Find cheaper alternative
Luxury Electronics,"SAMSUNG 49"" Odyssey G9 Series DQHD 1000R Curved Gaming Monitor, 1ms(GtG), VESA DisplayHDR 1000, 240H",$799.00,1,$799.00,2/25/2025,Find cheaper alternative
Luxury Electronics,HP EliteBook 830 G7 Laptop Computer 1920x1080 13.3-inch Full HD Touchscreen Intel Core i7-10610U 1.8,$378.95,1,$378.95,2/28/2025,Find cheaper alternative
Luxury Electronics,"acer Nitro 29.5"" 1500R Curved Zero-Frame UWFHD 2560 x 1080 Gaming Monitor | AMD FreeSync Premium | U",$199.99,1,$199.99,8/25/2024,Find cheaper alternative
Luxury Electronics,CORSAIR VENGEANCE RGB DDR5 64GB (2x32GB) DDR5 5600MHz CL36 AMD EXPO Intel XMP iCUE Compatible Comput,$194.99,1,$194.99,2/25/2025,Find cheaper alternative
Luxury Electronics,"Crucial T700 2TB Gen5 NVMe M.2 SSD with Heatsink - Up to 12,400 MB/s - DirectStorage Enabled - CT200",$169.99,1,$169.99,2/25/2025,Find cheaper alternative
Luxury Electronics,"2x2 FT Center Basket LED Troffer Panel Light, 20/30/40W, 3 Color Options 3000K | 4000K | 5000K, Dimm",$149.85,1,$149.85,9/2/2024,Find cheaper alternative
Luxury Electronics,"VISWIN Premium H Frame Easel 75"" to 146""H, Hold Canvas to 93"", Solid Beech Wood Large Artist Easel f",$139.00,1,$139.00,2/1/2025,Find cheaper alternative
Luxury Electronics,"Thermalright Grand Vision 360 ARGB Black CPU AIO Cooler,PC 360 Specification Water Cooler System,IPS",$134.90,0,$0.00,2/25/2025,Find cheaper alternative
Luxury Electronics,"ARCTIC Liquid Freezer III 360 A-RGB - CPU AIO Water Cooler, Water Cooling PC, Intel & AMD, Efficient",$110.10,1,$110.10,3/3/2025,Find cheaper alternative
Luxury Electronics,"CORSAIR Frame 4000D RS ARGB Modular Mid-Tower ATX PC Case - High Airflow, 3X Pre-Installed RS ARGB F",$109.99,1,$109.99,2/25/2025,Find cheaper alternative
Luxury Electronics,SUNVIE 12W Low Voltage Landscape Lighting RGB Color Changing LED Landscape Lights Remote Control Wat,$109.49,1,$109.49,5/30/2025,Find cheaper alternative
Luxury Electronics,"Softsoap - US05264A SOFTSOAP Liquid Hand Soap Refill, Soothing Aloe Vera, 50 Ounce Bottle, Bathroom ",$103.44,3,$34.48,6/23/2025,Find cheaper alternative
Luxury Electronics,"WiiM Mini AirPlay2 Wireless Audio Streamer, Multiroom Stereo, Preamplifier, Works with Alexa and Sir",$84.55,1,$84.55,9/9/2024,Find cheaper alternative
Luxury Electronics,"WOWNOVA 5"" Computer Temp Monitor (Dynamic Theme Supported), Pc Temperature Display, PC Sensor Panel ",$69.99,1,$69.99,3/4/2025,Find cheaper alternative
Luxury Electronics,"LED Flood Light Outdoor 30W, 300W Equivalent 3000LM Smart RGB Landscape Lighting with APP Control, D",$54.99,1,$54.99,6/3/2025,Find cheaper alternative
Luxury Electronics,"Tork Premium MB579 Soft Xpress Multifold Paper Hand Towel, 3-Panel, 2-Ply, 9.125"" Width x 9.5"" Lengt",$46.72,1,$46.72,1/21/2025,Find cheaper alternative
Luxury Electronics,"Tork Premium MB579 Soft Xpress Multifold Paper Hand Towel, 3-Panel, 2-Ply, 9.125"" Width x 9.5"" Lengt",$43.53,1,$43.53,4/1/2025,Find cheaper alternative
Luxury Electronics,"Tork Premium MB579 Soft Xpress Multifold Paper Hand Towel, 3-Panel, 2-Ply, 9.125"" Width x 9.5"" Lengt",$43.09,1,$43.09,9/30/2024,Find cheaper alternative
Luxury Electronics,Premium Coco Coir Brick - 10LBS / 4.5KG - Makes 18-20 Gallons - OMRI Listed - Eco-Friendly - Low EC ,$39.98,2,$19.99,4/24/2025,Find cheaper alternative
Luxury Electronics,"TP-Link Tapo Matter Outdoor Smart Plug, 2 Individual outlets, IP65 Weather Resistance, Works with Ap",$39.98,2,$19.99,4/3/2025,Find cheaper alternative
Luxury Electronics,"Softsoap - US05264A SOFTSOAP Liquid Hand Soap Refill, Soothing Aloe Vera, 50 Ounce Bottle, Bathroom ",$38.94,1,$38.94,5/16/2025,Find cheaper alternative
Luxury Electronics,"Cable Matters [VESA Certified] 54Gbps DisplayPort 2.1 Cable 3m/9.8ft, DP54 Cable with, 8K 165Hz, 4K ",$37.90,2,$18.95,3/5/2025,Find cheaper alternative
Luxury Electronics,American Ground Screw Model 2 Premium No Dig Ground Anchor - Post & Flag Pole Base Ground Mount - Sc,$34.99,1,$34.99,4/29/2025,Find cheaper alternative
Luxury Electronics,"Minoston Matter Outdoor Smart Plug, WiFi Heavy Duty Plug-in Outlet IP65 Waterproof, Compatible with ",$30.00,1,$30.00,6/11/2025,Find cheaper alternative
Luxury Electronics,"Minoston Matter Outdoor Smart Plug, WiFi Heavy Duty Plug-in Outlet IP65 Waterproof, Compatible with ",$30.00,1,$30.00,5/30/2025,Find cheaper alternative
Luxury Electronics,"Minoston Matter Outdoor Smart Plug, WiFi Heavy Duty Plug-in Outlet IP65 Waterproof, Compatible with ",$30.00,1,$30.00,5/2/2025,Find cheaper alternative
Luxury Electronics,"Minoston Matter Outdoor Smart Plug, WiFi Heavy Duty Plug-in Outlet IP65 Waterproof, Compatible with ",$30.00,1,$30.00,4/30/2025,Find cheaper alternative
Luxury Electronics,"Softsoap - US05264A SOFTSOAP Liquid Hand Soap Refill, Soothing Aloe Vera, 50 Ounce Bottle, Bathroom ",$28.44,1,$28.44,1/23/2025,Find cheaper alternative
Luxury Electronics,"Softsoap - US05264A SOFTSOAP Liquid Hand Soap Refill, Soothing Aloe Vera, 50 Ounce Bottle, Bathroom ",$28.44,1,$28.44,1/21/2025,Find cheaper alternative
Luxury Electronics,"Noctua NF-A14 PWM chromax.Black.swap, Premium Quiet Fan, 4-Pin (140mm, Black)",$26.92,1,$26.92,2/25/2025,Find cheaper alternative
Luxury Electronics,HumanCentric Wall Mount Compatible with Sonos Amp | Mounting Bracket for Sonos Wireless Amplifier | ,$24.98,1,$24.98,8/11/2024,Find cheaper alternative
Luxury Electronics,"Domino Premium Pure Cane Sugar, 0.10 Ounce (2.8 Gram) NON-GMO Packets, Pack of 400 in Dispenser Box",$20.89,1,$20.89,10/31/2024,Find cheaper alternative
Luxury Electronics,"Nishiki Premium Rice, Medium Grain,15 Pound (Pack of 1)",$18.54,1,$18.54,5/12/2025,Find cheaper alternative
Luxury Electronics,NoCry Premium Cut Resistant Gloves Food Grade - Level 5 Protection; Ambidextrous; Machine Washable; ,$13.69,1,$13.69,9/22/2024,Find cheaper alternative
Luxury Electronics,Lumi SPORTS 12-Pack Premium Outdoor Pickleball Balls | 40 Holes Fluorescent Green Balls | All-Surfac,$10.99,1,$10.99,5/30/2025,Find cheaper alternative
Luxury Electronics,UpNature Cedarwood Essential Oil 4oz - 100% Pure Cedar Oil - Premium Quality Cedarwood Oil,$9.98,1,$9.98,8/11/2024,Find cheaper alternative
Luxury Electronics,"Perfect Stix Premium Wooden Coffee Stirrer Sticks, Thick Birch Wood 1000 Count, 5.5"" Inches. Eco-Fri",$9.85,1,$9.85,12/6/2024,Find cheaper alternative
Luxury Electronics,"Sweaty Pony 4PCS Paint Pallet Clear Premium Acrylic Paint Palette, Easy Clean Transparent Non-Stick ",$7.99,1,$7.99,2/1/2025,Find cheaper alternative
Luxury Electronics,"CAT8 Ethernet Cable - 1ft - Internet, Patch & Network Cable with Flexible Break-Proof braiding Desig",$6.39,1,$6.39,10/6/2024,Find cheaper alternative
Luxury Electronics,"Wapodeai 3PCS White Electrical Tape, Premium White Waterproof Tape, Flame Retardant indoor Outdoor H",$5.49,1,$5.49,9/4/2024,Find cheaper alternative
Luxury Electronics,Minisland Premium 6 inch Bamboo Skewers for Appetizers Fruit Kabobs 3mm Thin Small Short Wooden Food,$4.95,1,$4.95,3/17/2025,Find cheaper alternative
Premium Coffee,"Starbucks K-Cup Coffee Pods-Starbucks Blonde, Medium & Dark Roast Coffee-Variety Pack for Keurig Bre",$66.36,2,$33.18,8/8/2024,Find cheaper alternative
Premium Coffee,"Starbucks K-Cup Coffee Pods, Medium Roast Coffee, Pike Place Roast for Keurig Brewers, 100% Arabica,",$35.82,1,$35.82,1/21/2025,Find cheaper alternative
Premium Coffee,"Starbucks K-Cup Coffee Pods, Medium Roast Coffee, Pike Place Roast for Keurig Brewers, 100% Arabica,",$35.82,1,$35.82,11/13/2024,Find cheaper alternative
Premium Coffee,"Starbucks K-Cup Coffee Pods, Medium Roast Coffee, Pike Place Roast for Keurig Brewers, 100% Arabica,",$35.82,1,$35.82,10/31/2024,Find cheaper alternative
Premium Coffee,"Starbucks K-Cup Coffee Pods, Medium Roast Coffee, Pike Place Roast for Keurig Brewers, 100% Arabica,",$29.16,1,$29.16,12/6/2024,Find cheaper alternative
Premium Coffee,"Starbucks K-Cup Coffee Pods, Medium Roast Coffee, Pike Place Roast for Keurig Brewers, 100% Arabica,",$29.16,1,$29.16,9/4/2024,Find cheaper alternative
Premium Coffee,"Starbucks Pike Place Decaffeinated Coffee Single-Serve K-Cup, 24 Count",$19.51,1,$19.51,10/31/2024,Find cheaper alternative
Expensive Furniture,Master Massage Ergonomic Saddle Chair-Saddle Stool- Hydraulic Swivel Rolling Chair-Salon Clinical Ta,$119.77,1,$119.77,9/30/2024,Find cheaper alternative
Expensive Furniture,Marsail Ergonomic Office Chair: Office Computer Desk Chair with High Back Mesh and Adjustable Lumbar,$99.98,1,$99.98,7/17/2024,Find cheaper alternative
Expensive Furniture,"Flash Furniture Mallard Mid-Back Swivel Mesh Office Chair with Padded Seat and T-Arms, Height-Adjust",$88.60,1,$88.60,7/8/2024,Find cheaper alternative
Expensive Furniture,"Anker 2.4G Wireless Vertical Ergonomic Optical Mouse, 800 / 1200 /1600 DPI, 5 Buttons for Laptop, De",$21.99,1,$21.99,8/25/2024,Find cheaper alternative
Expensive Furniture,"DURARANGE Luxury Golf Tees - Transparent, Adjustable Height Stoppers, 4-Prong Anti-Slip, Enhanced St",$12.88,1,$12.88,6/3/2025,Find cheaper alternative
Decorative Non Essential,"Agri-Fab 45-0299 48"" Tow Behind Lawn Plug Aerator with Universal Hitch; Designed to Pull Behind Lawn",$366.73,1,$366.73,6/30/2025,Eliminate
Decorative Non Essential,"Sodeno 20 PCS Silvery 3D Wall Panels, 29 sq.feet Coverage, Printable Wallpaper Sticker with Self-Adh",$156.70,5,$31.34,2/26/2025,Eliminate
Decorative Non Essential,"Sodeno 20 PCS Silvery 3D Wall Panels, 29 sq.feet Coverage, Printable Wallpaper Sticker with Self-Adh",$156.70,5,$31.34,2/19/2025,Eliminate
Decorative Non Essential,"Bluetable 9 Inch Paper Plates Bulk - 1200 Count - Uncoated White 9"" Dinner Plate Pizza Plate Decorat",$51.40,1,$51.40,3/10/2025,Eliminate
Decorative Non Essential,"Bluetable 9 Inch Paper Plates Bulk - 1200 Count - Uncoated White 9"" Dinner Plate Pizza Plate Decorat",$51.40,1,$51.40,3/7/2025,Eliminate
Decorative Non Essential,"Bluetable 9 Inch Paper Plates Bulk - 1200 Count - Uncoated White 9"" Dinner Plate Pizza Plate Decorat",$49.10,1,$49.10,11/13/2024,Eliminate
Decorative Non Essential,"Fiskars Loppers for Tree Trimming, Heavy Duty, Sharp Bypass Steel Blade Tree Branch Cutter up to 2-I",$44.99,1,$44.99,9/22/2024,Eliminate
Decorative Non Essential,Cuisinart CGR-9922 2-Piece Silicone Griddle Food Dividers - Anti-Warp Design,$25.48,2,$12.74,7/21/2024,Eliminate
Decorative Non Essential,THIODOON Golf Flagstick 6ft Golf Flag and Cup for Yard Pro Detachable Golf Hole Cup and Flag for Dri,$19.99,1,$19.99,5/27/2025,Eliminate
Decorative Non Essential,Skylety 6 Pieces Mini Flamingo Stuffed Animal Plush Toys 5 Inch Flamingo Party Favors Valentine Day ,$19.98,2,$9.99,4/13/2025,Eliminate
Decorative Non Essential,Aesthetica Makeup Removing Wipes - Face & Eye Makeup Remover Wipes - 6 Pack Bulk (180 Wipes Total) H,$19.97,1,$19.97,8/8/2024,Eliminate
Decorative Non Essential,"KUNCAN Outdoor 3-Outlet Power Splitter, 90-Degree Flat Plug 1 to 3 Way Outlet Adapter 1.5FT SJTW 16A",$16.99,1,$16.99,6/11/2025,Eliminate
Decorative Non Essential,"Let's Flamingle Regular Can Coolers, Set of 12 - Pink and White Flamingo Party Supplies for Bachelor",$15.89,1,$15.89,4/13/2025,Eliminate
Decorative Non Essential,Finch Bird Feeder for Outdoors (16 Ports) Thistle & Nyjer Seed Hanging Feeder with 16 Ports and 8 Me,$15.29,1,$15.29,5/26/2025,Eliminate
Decorative Non Essential,"Elecan Flat Plug Extension Cord 4 Ft 2 Pack with Slim Space-Saving Plug Design, Thin Flat Cable Low ",$13.99,1,$13.99,6/11/2025,Eliminate
Decorative Non Essential,"uxcell 12 Pcs Mirror Disco Ball Necklaces 1.2"" Bulk Disco Ball Costume Necklaces 70s Disco Party Nec",$13.99,1,$13.99,2/9/2025,Eliminate
Decorative Non Essential,"2.5in Long Shackle Combination Lock, Diyife Large Outdoor Weatherproof Padlock, Design of Hidden Pas",$9.99,1,$9.99,3/28/2025,Eliminate
Decorative Non Essential,"2.5in Long Shackle Combination Lock, Diyife Large Outdoor Weatherproof Padlock, Design of Hidden Pas",$9.99,1,$9.99,3/24/2025,Eliminate
Decorative Non Essential,"Artlunar Funny Garden Sign Outside Decor - Humorous Gardening Gift for Women Enthusiasts, 12"" x 8"" (",$9.69,1,$9.69,6/30/2025,Eliminate
Decorative Non Essential,LINGXIU 9 Pieces Flamingo Themed Party Decoration Supplies Summer Hawaiian Tropical Aloha Honeycomb ,$8.99,1,$8.99,4/13/2025,Eliminate
Decorative Non Essential,"Flamingo Rubber Duckies for Kids, 12PCS Pink Flamingo Duck Bath Toys Cute Floating Squeaky Mini Rubb",$8.95,1,$8.95,4/13/2025,Eliminate
Decorative Non Essential,"3 Rolls Motivational Stickers for Kids, 1500 Pcs Teacher Reward Stickers School Supplies Roll Sticke",$7.99,1,$7.99,12/6/2024,Eliminate
Decorative Non Essential,"Gold Glitter Let's Flamingle Party Banner,Summer Tropical Hawaiian Bachelorette Party Bridal Shower ",$4.99,1,$4.99,4/13/2025,Eliminate
Decorative Non Essential,Cats Eyes Vinyl Stickers Scary Halloween Decoration Vinyl Sticker Decal Laptop Car Bumper Sticker Tr,$4.95,1,$4.95,5/24/2025,Eliminate
Premium Food Treats,"Fluffy Stuff Cotton Candy, 2.5-Ounce Packages (Pack of 24)",$55.98,1,$55.98,9/16/2024,Find cheaper alternative
Premium Food Treats,"100 Grand Crispy Milk Chocolate with Caramel, Full Size Individually Wrapped Candy Bars, 1.5 oz each",$42.44,1,$42.44,5/12/2025,Find cheaper alternative
Premium Food Treats,Big League Team Rally Bucket 240 Individually Wrapped Gumballs Net Wt. 50.8 oz,$35.99,1,$35.99,6/14/2025,Find cheaper alternative
Premium Food Treats,"PAYDAY Peanut Caramel King Size, Candy Bars, 3.4 oz (18 Count)",$27.54,1,$27.54,5/12/2025,Find cheaper alternative
Premium Food Treats,"Frito Lay Ultimate Snack Care Package, Variety Assortment of Chips, Cookies, Crackers & More, (Pack ",$25.97,1,$25.97,9/17/2024,Find cheaper alternative
Premium Food Treats,"Frito Lay Ultimate Snack Care Package, Variety Assortment of Chips, Cookies, Crackers & More, (Pack ",$25.97,1,$25.97,9/17/2024,Find cheaper alternative
Premium Food Treats,"Frito Lay Ultimate Snack Care Package, Variety Assortment of Chips, Cookies, Crackers & More, (Pack ",$25.97,1,$25.97,9/17/2024,Find cheaper alternative
Premium Food Treats,"Nestle Hot Chocolate Packets, Hot Cocoa Mix, Rich Chocolate Flavor, Made with Real Cocoa, Bulk Pack,",$21.74,1,$21.74,12/6/2024,Find cheaper alternative
Premium Food Treats,"Cheez-It Cheese Crackers, Baked Snack Crackers, Lunch Snacks, Variety Pack (42 Packs)",$20.99,1,$20.99,8/12/2024,Find cheaper alternative
Premium Food Treats,"Nestle Hot Chocolate Packets, Hot Cocoa Mix, Rich Chocolate Flavor, Made with Real Cocoa, Bulk Pack,",$19.77,1,$19.77,2/3/2025,Find cheaper alternative
Premium Food Treats,"Nestle Hot Chocolate Packets, Hot Cocoa Mix, Rich Chocolate Flavor, Made with Real Cocoa, Bulk Pack,",$18.06,1,$18.06,9/13/2024,Find cheaper alternative
Premium Food Treats,"Quaker Chewy Granola Bars, Chewy & Dipps 4 Flavor Variety Pack, 58 Pack, Chocolate Chip, Peanut Butt",$17.29,1,$17.29,1/23/2025,Find cheaper alternative
Premium Food Treats,"Swiss Miss Milk Chocolate Flavor Hot Cocoa Mix, 1.38 oz. 50-Count",$16.72,2,$8.36,3/28/2025,Find cheaper alternative
Premium Food Treats,"Mott's Fruit Flavored Snacks, Assorted Fruit, Pouches, 0.8 oz, 40 ct",$15.78,2,$7.89,9/6/2024,Find cheaper alternative
Premium Food Treats,"Mott's Fruit Flavored Snacks, Assorted Fruit, Pouches, 0.8 oz, 40 ct",$15.46,2,$7.73,7/25/2024,Find cheaper alternative
Premium Food Treats,"Orville Redenbacher's Gourmet Popcorn Kernels, Original Yellow, 8 lb.",$13.28,1,$13.28,1/21/2025,Find cheaper alternative
Premium Food Treats,"Mott's Fruit Flavored Snacks, Assorted Fruit, Halloween Candy Alternative, Pouches, 0.8 oz, 40 ct",$8.29,1,$8.29,10/30/2024,Find cheaper alternative
Premium Food Treats,"Mott's Fruit Flavored Snacks, Assorted Fruit, Gluten Free Snack, Family Pack, 40 Ct, 32 oz",$7.97,1,$7.97,6/6/2025,Find cheaper alternative
Premium Food Treats,"Mott's Fruit Flavored Snacks, Assorted Fruit, Gluten Free Snack, Family Pack, 40 Ct, 32 oz",$7.97,1,$7.97,5/13/2025,Find cheaper alternative
Premium Food Treats,"Mott's Fruit Flavored Snacks, Easter Basket Stuffers, Assorted Fruit, Gluten Free, Family Pack, 40 C",$7.97,1,$7.97,4/9/2025,Find cheaper alternative
Premium Food Treats,"Mott's Fruit Flavored Snacks, Easter Basket Stuffers, Assorted Fruit, Gluten Free, Family Pack, 40 C",$7.97,1,$7.97,4/1/2025,Find cheaper alternative
Premium Food Treats,"Mott's Fruit Flavored Snacks, Assorted Fruit, Gluten Free Snack, Family Pack, 40 Ct, 32 oz",$7.97,1,$7.97,2/18/2025,Find cheaper alternative
Premium Food Treats,"Mott's Fruit Flavored Snacks, Assorted Fruit, Gluten Free Snack, Family Pack, 40 Ct, 32 oz",$7.97,1,$7.97,1/30/2025,Find cheaper alternative
Premium Food Treats,"Mott's Fruit Flavored Snacks, Assorted Fruit, Gluten Free Snack, Family Pack, 40 Ct, 32 oz",$7.97,1,$7.97,1/6/2025,Find cheaper alternative
Premium Food Treats,"Mott's Fruit Flavored Snacks, Assorted Fruit, Gluten Free Snack, Family Pack, 40 Ct, 32 oz",$6.84,1,$6.84,7/2/2025,Find cheaper alternative
Excessive Lighting,Wirefy 10/2 Low Voltage Landscape Lighting Copper Wire - Outdoor Direct Burial - 10-Gauge 2-Conducto,$513.00,3,$171.00,3/13/2025,Eliminate
Excessive Lighting,SUNVIE LED Low Voltage Pathway Lights Wired 3000K Anti Glare Low Voltage Landscape Lighting Waterpro,$389.97,3,$129.99,3/13/2025,Eliminate
Excessive Lighting,Wirefy 12/2 Low Voltage Landscape Lighting Copper Wire - Outdoor Direct Burial - 12-Gauge 2-Conducto,$243.98,2,$121.99,3/21/2025,Eliminate
Excessive Lighting,SUNVIE 12W Low Voltage Landscape Lights with Connectors 1200LM Ultra Bright Well LED In Ground Water,$227.98,2,$113.99,3/13/2025,Eliminate
Excessive Lighting,SUNVIE 300W Low Voltage Landscape Transformer with 2 Independent Control Output Landscape Lighting T,$191.98,2,$95.99,3/13/2025,Eliminate
Excessive Lighting,SUNVIE Low Voltage Landscape Lighting with Connectors 5W Anti-Glare LED Pathway Lights Wired Waterpr,$129.99,1,$129.99,4/17/2025,Eliminate
Excessive Lighting,SUNVIE Low Voltage Landscape Lighting with Connectors 5W Anti-Glare LED Pathway Lights Wired Waterpr,$129.99,1,$129.99,4/17/2025,Eliminate
Excessive Lighting,SUNVIE LED Low Voltage Pathway Lights Wired 3000K Anti Glare Low Voltage Landscape Lighting Waterpro,$129.99,1,$129.99,3/10/2025,Eliminate
Excessive Lighting,SUNVIE 300W Low Voltage Landscape Transformer with 2 Independent Control Output Landscape Lighting T,$119.99,1,$119.99,4/14/2025,Eliminate
Excessive Lighting,SUNVIE 300W Low Voltage Landscape Transformer with 2 Independent Control Output Landscape Lighting T,$119.99,1,$119.99,4/14/2025,Eliminate
Excessive Lighting,SUNVIE 12W Low Voltage Landscape Lights with Connectors 1200LM Ultra Bright Well LED In Ground Water,$113.99,1,$113.99,3/10/2025,Eliminate
Excessive Lighting,"SUNVIE 100FT 12 Gauge Low Voltage Wire 12/2 Low Voltage Landscape Wire, 12 AWG 2 Conductor Electric ",$109.98,2,$54.99,4/17/2025,Eliminate
Excessive Lighting,SUNVIE 300W Low Voltage Landscape Transformer with 2 Independent Control Output Landscape Lighting T,$95.99,1,$95.99,3/10/2025,Eliminate
Excessive Lighting,SUNVIE 12 Pack Low Voltage Landscape Lighting 12W LED Outdoor In-Ground Waterproof Shielded Well Lig,$90.39,1,$90.39,5/2/2025,Eliminate
Excessive Lighting,SUNVIE 12 Pack Low Voltage Landscape Lighting 12W LED Outdoor In-Ground Waterproof Shielded Well Lig,$90.39,1,$90.39,4/29/2025,Eliminate
Excessive Lighting,"SUNVIE 60W Low Voltage Landscape Transformer with Timer and Photocell Sensor, 120V AC to 12V DC Land",$73.98,2,$36.99,6/11/2025,Eliminate
Excessive Lighting,"SUNVIE 100FT 12 Gauge Low Voltage Wire 12/2 Low Voltage Landscape Wire, 12 AWG 2 Conductor Electric ",$54.99,1,$54.99,4/30/2025,Eliminate
Excessive Lighting,SUNVIE Landscape Lighting Connectors Waterproof 12-16 Gauge Low Voltage Wire Connector for Landscape,$49.89,1,$49.89,3/10/2025,Eliminate
Excessive Lighting,"SUNVIE 60W Low Voltage Landscape Transformer with Timer and Photocell Sensor, 120V AC to 12V DC Land",$36.99,1,$36.99,5/24/2025,Eliminate
Excessive Lighting,"SUNVIE 60W Low Voltage Landscape Transformer with Timer and Photocell Sensor, 120V AC to 12V DC Land",$36.99,1,$36.99,4/30/2025,Eliminate
Excessive Lighting,"SUNVIE 60W Low Voltage Landscape Transformer with Timer and Photocell Sensor, 120V AC to 12V DC Land",$36.99,1,$36.99,4/29/2025,Eliminate
Excessive Lighting,SUNVIE Low Voltage Wire Connector Fastlock3 Landscape Lighting Connectors 12-20 Gauge Low Voltage Co,$34.99,1,$34.99,4/17/2025,Eliminate
Excessive Lighting,SUNVIE Low Voltage Wire Connector Fastlock3 Landscape Lighting Connectors 12-20 Gauge Low Voltage Co,$34.99,1,$34.99,3/21/2025,Eliminate
Questionable Medical,"Apple iPad (9th Generation): with A13 Bionic chip, 10.2-inch Retina Display, 64GB, Wi-Fi, 12MP front",$597.00,3,$199.00,10/9/2024,Find cheaper alternative
Questionable Medical,"Apple iPad (9th Generation): with A13 Bionic chip, 10.2-inch Retina Display, 64GB, Wi-Fi, 12MP front",$597.00,3,$199.00,10/9/2024,Find cheaper alternative
Questionable Medical,Veradek Block Series Span Plastic Planter - Tall Rectangular Planter for Indoor or Outdoor Patio/Por,$187.90,1,$187.90,2/1/2025,Find cheaper alternative
Questionable Medical,"RelaxCoo Cold Face Eye Mask Ice Pack Reduce Face Puff,Dark Circles,Gel Hot Cold Compress,Face SPA fo",$139.80,0,$0.00,5/14/2025,Find cheaper alternative
Questionable Medical,"Umbra Flip Wall-Mounted Coat Rack Rail Hook for Hats, Jackets, Bags and More - Modern, Space-Saving ",$91.20,3,$30.40,1/20/2025,Find cheaper alternative
Questionable Medical,"GeilSpace 6 Pack 3/4"" × 60"" Pre-Cut Black Metal Pipe, Industrial Steel Fits Standard Three Quarters ",$76.99,1,$76.99,10/3/2024,Find cheaper alternative
Questionable Medical,"GeilSpace 6 Pack 3/4"" × 36"" Pre-Cut Black Metal Pipe, Industrial Steel Fits Standard Three Quarters ",$41.99,1,$41.99,9/8/2024,Find cheaper alternative
Questionable Medical,3-Outle Flat Plugt 6-FT Shockproof Protection -Waterproof Power Strip with Surge Protector -Ultra Th,$31.52,2,$15.76,3/11/2025,Find cheaper alternative
Questionable Medical,"SEVEN SPARTA 4 Pack Roll Bar Grab Handles Compatible with Ford Bronco 2021 2022 2023 2024 2/4 Door, ",$24.59,1,$24.59,5/2/2025,Find cheaper alternative
Questionable Medical,"10Ft Extension Cord with USB Ports, JACKYLED Flat Plug Brown Power Strip Surge Protector 3 Widely Sp",$21.98,1,$21.98,6/3/2025,Find cheaper alternative
Questionable Medical,"Zodaca Womens Cowboy Hat - Cute, Fluffy, Sparkly Cowgirl Hat with Feathers for Halloween, Birthday, ",$17.99,1,$17.99,2/9/2025,Find cheaper alternative
Questionable Medical,"1000 Pcs Electrical Outlet Screws Spacers, Nylon Round Spacer for M3 M4 Screws, Black Spacers Withou",$15.99,1,$15.99,5/13/2025,Find cheaper alternative
Questionable Medical,"Bates- Paint Tray Set, 9-Inch, 12 pcs, Plastic Paint Tray with 10 Tray Liner, Textured Deep Capacity",$15.84,1,$15.84,1/20/2025,Find cheaper alternative
Questionable Medical,Honoson 7 Pieces Painting Knife Set Spatula Palette Knife Stainless Steel Painting Mixing Scraper Oi,$13.99,1,$13.99,2/1/2025,Find cheaper alternative
Questionable Medical,"GE 6-Outlet Extender, 2 Pack, Grounded Wall Tap, Adapter Spaced Outlets, 3-Prong, Multiple Plug, Qui",$12.70,1,$12.70,9/30/2024,Find cheaper alternative
Questionable Medical,"AZUREAL 600P Transparent Sticky Notes, 3x3 Inch Waterproof Clear Sticky Notes, Self-Adhesive Translu",$6.99,1,$6.99,4/24/2025,Find cheaper alternative
Questionable Medical,"6 Pack Putty Knife, Flexible Plastic Paint Scraper Tool for Spackling,Plastic Putty Knife, Putty Kni",$5.88,1,$5.88,9/17/2024,Find cheaper alternative
Questionable Medical,"Irwin Tools 88814 Speedbor Spade Wood Drill Bit 7/8"" X 6"", Pack of 1",$5.58,1,$5.58,9/21/2024,Find cheaper alternative
Premium Supplies,Zep Ammonia Free Glass Cleaner Concentrate - 1 Gallon (Case of 4) ZU1052128 - Professional Grade For,$41.64,1,$41.64,1/15/2025,Find cheaper alternative
Premium Supplies,Zep Ammonia Free Glass Cleaner Concentrate - 1 Gallon (Case of 4) ZU1052128 - Professional Grade For,$41.64,1,$41.64,1/15/2025,Find cheaper alternative
Premium Supplies,Zep Ammonia Free Glass Cleaner Concentrate - 1 Gallon (Case of 4) ZU1052128 - Professional Grade For,$41.64,1,$41.64,1/15/2025,Find cheaper alternative
Entertainment,"RENPHO Shiatsu Foot Massager [2025 Upgraded], FSA HSA eligible, Deep Kneading Foot Massager for Neur",$146.97,1,$146.97,4/13/2025,Eliminate
Entertainment,"GarveeLife Professional Outdoor Table Tennis Tables,6x3FT Indoor/Outdoor Portable Ping Pong Table Ga",$116.99,1,$116.99,5/26/2025,Eliminate
Entertainment,"HAPPYPOP Inspirational Gifts for Women - Gifts for Women Mom Wife, Mothers Day Birthday Christmas So",$69.93,7,$9.99,6/16/2025,Eliminate
Entertainment,"DiBanGu Mens Silk Paisley Dress Shirts,Long Sleeve Button Down Shirt Casual Regular Fit Shirt for Me",$37.99,1,$37.99,2/9/2025,Eliminate
Entertainment,Hula Home Hand Casting Kit for Couples or Family with Mounting Plaque | Anniversary DIY Gifts Her & ,$34.99,1,$34.99,4/13/2025,Eliminate
Entertainment,"AMIAEDU Fly Fans for Tables, Fly Fan Outdoor Indoor Keep Flies Away, Table Top Spinner with Holograp",$27.99,1,$27.99,6/14/2025,Eliminate
Entertainment,Strongwater Cocktail Bitters Sampler Set - Cocktail Bitters Set Makes 48 Cocktails - Gift Set w/Cher,$27.95,1,$27.95,6/23/2025,Eliminate
Entertainment,Liliful 60 Pcs Flamingo Party Favors Flamingo Stress Balls Summer Hawaii Stress Relief Toys Pink Bea,$24.99,1,$24.99,4/13/2025,Eliminate
Entertainment,"Aieoposo Pickleball Paddles, USAPA Approved Carbon Fiber Pickleball Paddle, Polypropylene Honeycomb ",$22.99,1,$22.99,5/25/2025,Eliminate
Entertainment,"Pen Organizer for Desk, Multi-Functional Desk Organizer, Wall Mount Pen Holder with Drawer for Schoo",$22.99,1,$22.99,3/7/2025,Eliminate
Entertainment,"Olganicor 300 PCS Party Favors for Kids, Fidget Toys Bulk, Treasure Box Toys for Classroom Prizes fo",$21.99,1,$21.99,1/9/2025,Eliminate
Entertainment,"Olganicor 300 PCS Party Favors for Kids, Fidget Toys Bulk, Treasure Box Toys for Classroom Prizes fo",$20.99,1,$20.99,9/19/2024,Eliminate
Entertainment,"ERFEI 60 Slots Seed Storage Organizer Box with 10 Seed Envelopes, Large Capacity Seed Storage Contai",$20.89,1,$20.89,3/9/2025,Eliminate
Entertainment,Menkxi 300 Pcs Flamingos Inspirational Thank You Gifts for Women Motivational Cute Flamingos Resin E,$19.99,1,$19.99,4/13/2025,Eliminate
Entertainment,Ugrade Titanium Cutting Boards - Pure Titanium Cutting Boards Board Steel Metal Cutting Board for Bo,$19.99,1,$19.99,2/9/2025,Eliminate
Entertainment,"Olganicor 300 PCS Party Favors for Kids, Fidget Toys Bulk, Treasure Box Toys for Classroom Prizes fo",$19.99,1,$19.99,9/6/2024,Eliminate
Entertainment,"Olganicor 300 PCS Party Favors for Kids 4-8-12, Fidget Toys Bulk, Treasure Box Toys for Kids Classro",$19.99,1,$19.99,9/5/2024,Eliminate
Entertainment,"120 Pack Fidget Toys Set,Pop Sensory Party Favors Gifts for Kids Adults Boy Girl Stocking Stuffers A",$19.99,1,$19.99,7/25/2024,Eliminate
Entertainment,"Haizct 50 Pack Flamingo Bridal Shower Scratch Off Game Cards for Country Wedding, Bridal Shower, Bri",$19.98,2,$9.99,4/13/2025,Eliminate
Entertainment,Amy&Benton 200PCS Little Toys for Kids School Prizes for Kids Toys Bulk Party Favors Gifts Treasure ,$18.99,1,$18.99,7/2/2025,Eliminate
Entertainment,Amy&Benton 200PCS Little Toys for Kids School Prizes for Kids Toys Bulk Party Favors Gifts Treasure ,$18.99,1,$18.99,4/24/2025,Eliminate
Entertainment,Amy&Benton 200PCS Little Toys for Kids School Prizes for Kids Toys Bulk Party Favors Gifts Treasure ,$18.99,1,$18.99,4/9/2025,Eliminate
Entertainment,Amy&Benton 200PCS Little Toys for Kids School Prizes for Kids Toys Bulk Party Favors Gifts Treasure ,$18.99,1,$18.99,2/18/2025,Eliminate
Entertainment,Ugrade Titanium Cutting Boards - Pure Titanium Cutting Boards BoardSteel Metal Cutting Board for Boa,$16.99,1,$16.99,2/9/2025,Eliminate
Entertainment,"Cocew Caulk Gun Kit, Smooth Silicone Caulking Gun and Caulk Remover Tool, Sealant Finishing Tool Gro",$15.99,1,$15.99,1/20/2025,Eliminate
Entertainment,ailov Oversized Trendy Crystal Sunglasses for Men Women Elton Party Favors Rhinestone Rectangle Glas,$15.88,1,$15.88,2/9/2025,Eliminate
Entertainment,Ugrade Titanium Cutting Boards - Pure Titanium Cutting Boards Board Steel Metal Cutting Board for Bo,$14.99,1,$14.99,2/9/2025,Eliminate
Entertainment,Jiskan Pro Golf Club Brush Cleaner with Retainer Clip and Squeeze Water Bottle 7.5 Inches Holds 4 Ou,$10.99,1,$10.99,4/24/2025,Eliminate
Entertainment,"Stress Balls with Happy Face 12 Pcs | 2.5"" Inch Colorful Balls with Smile | Therapy Squeeze Balls Sm",$10.94,1,$10.94,11/8/2024,Eliminate
Entertainment,"Multitool Carabiner with Pocket Knife, Gift for Men Him Dad Husband, 6-in-1 Multitool with EDC Carab",$9.99,1,$9.99,5/24/2025,Eliminate
Entertainment,"Bonide Captain Jack's Neem Oil, 32 oz Ready-to-Use Spray, Multi-Purpose Fungicide, Insecticide and M",$9.98,1,$9.98,6/14/2025,Eliminate
Entertainment,"LEIFENY Griddle Scraper for Blackstone, Scrape Tool for Grill Flat Top, Heavy Duty, Multi-Functional",$8.99,1,$8.99,2/13/2025,Eliminate
Entertainment,"ZLCA 50 Pieces Trading Card Dividers, Playing Card Page Dividers with Tabs, Plastic Card Separator f",$7.95,1,$7.95,4/24/2025,Eliminate
Entertainment,"GUARDMAN Fathers Day Gift for Dad - Multitool Survival keychain Tool with COB LED Flashlight, Carabi",$6.99,1,$6.99,5/24/2025,Eliminate
Entertainment,"Homestia Toucan Wine Stopper, Bottle Stopper Wine Saver, Reusable Wine Corks for Beverage, Wine Pres",$5.99,1,$5.99,6/23/2025,Eliminate
Entertainment,"Birthday Cards Bulk Set, Cofullsky Funny Birthday Cards for Women Men Kids Gold Foil Happy Birthday ",$5.99,1,$5.99,9/30/2024,Eliminate
Entertainment,"RINOLY 100 PCS Dinosaur Stickers for Kids,Water Bottle Sticker for Teens,Waterproof Vinyl Dinosaur S",$4.79,1,$4.79,5/21/2025,Eliminate
